,EndTimeUTC,TCcounts,TCmass,TCconc,AE33_BC6,AE33_ValidData,AE33_b,OC,EC,CO2
0,2023-07-31 20:00:00,300.89,5187.37,5234.0,2296.0,100.0,1.0,2938.0,2296.0,393.28
1,2023-07-31 21:00:00,337.33,5775.04,5822.0,2428.0,100.0,1.0,3394.0,2428.0,393.48
2,2023-07-31 22:00:00,424.34,7315.68,7390.0,3909.0,100.0,1.0,3481.0,3909.0,399.24
3,2023-07-31 23:00:00,436.54,7473.58,7542.0,4166.0,100.0,1.0,3376.0,4166.0,389.05
4,2023-08-01 00:00:00,385.16,6640.12,6700.0,3368.0,100.0,1.0,3332.0,3368.0,407.39
5,2023-08-01 01:00:00,368.05,6300.98,6360.0,3496.0,95.0,1.0,2864.0,3496.0,406.69
6,2023-08-01 02:00:00,364.38,6281.86,6345.0,3553.0,100.0,1.0,2792.0,3553.0,411.02
7,2023-08-01 03:00:00,349.25,5979.16,6029.0,3207.0,100.0,1.0,2822.0,3207.0,405.84
8,2023-08-01 04:00:00,431.76,7443.48,7513.0,4341.0,100.0,1.0,3172.0,4341.0,395.68
9,2023-08-01 05:00:00,420.25,7194.6,7262.0,3778.0,100.0,1.0,3484.0,3778.0,376.94
10,2023-08-01 06:00:00,287.28,4952.63,5004.0,1381.0,100.0,1.0,3623.0,1381.0,369.01
11,2023-08-01 07:00:00,720.73,12338.89,12455.0,1219.0,95.0,1.0,11236.0,1219.0,359.32
12,2023-08-01 08:00:00,256.32,4419.04,4466.0,1291.0,100.0,1.0,3175.0,1291.0,357.25
13,2023-08-01 09:00:00,229.89,3935.77,3972.0,944.0,100.0,1.0,3028.0,944.0,353.57
14,2023-08-01 10:00:00,264.97,4568.09,4618.0,1186.0,100.0,1.0,3432.0,1186.0,355.82
15,2023-08-01 11:00:00,223.01,3817.85,3855.0,775.0,100.0,1.0,3080.0,775.0,352.46
16,2023-08-01 12:00:00,240.01,4137.75,4178.0,934.0,100.0,1.0,3244.0,934.0,353.63
17,2023-08-01 13:00:00,225.96,3868.36,3909.0,902.0,100.0,1.0,3007.0,902.0,350.45
18,2023-08-01 14:00:00,214.27,3694.08,3732.0,812.0,100.0,1.0,2920.0,812.0,351.96
19,2023-08-01 15:00:00,250.05,4280.85,4318.0,1107.0,100.0,1.0,3211.0,1107.0,352.79
20,2023-08-01 16:00:00,256.1,4415.21,4457.0,1284.0,100.0,1.0,3173.0,1284.0,357.83
21,2023-08-01 17:00:00,258.4,4423.74,4462.0,1271.0,100.0,1.0,3191.0,1271.0,360.03
22,2023-08-01 18:00:00,294.78,5082.04,5127.0,1536.0,100.0,1.0,3591.0,1536.0,367.12
23,2023-08-01 19:00:00,274.63,4701.68,4745.0,1407.0,100.0,1.0,3338.0,1407.0,366.61
24,2023-08-01 20:00:00,280.23,4831.17,4880.0,1426.0,100.0,1.0,3454.0,1426.0,370.07
25,2023-08-01 21:00:00,268.94,4604.22,4645.0,1384.0,100.0,1.0,3261.0,1384.0,379.8
26,2023-08-01 22:00:00,253.84,4376.16,4419.0,1288.0,100.0,1.0,3131.0,1288.0,399.81
27,2023-08-01 23:00:00,295.14,5052.8,5103.0,2079.0,95.0,1.0,3024.0,2079.0,413.56
28,2023-08-02 00:00:00,315.24,5434.73,5489.0,2498.0,100.0,1.0,2991.0,2498.0,419.01
29,2023-08-02 01:00:00,318.11,5445.99,5497.0,2358.0,100.0,1.0,3139.0,2358.0,419.71
30,2023-08-02 02:00:00,327.68,5649.2,5710.0,2459.0,100.0,1.0,3251.0,2459.0,429.25
31,2023-08-02 03:00:00,380.07,6506.82,6571.0,3158.0,100.0,1.0,3413.0,3158.0,421.24
32,2023-08-02 04:00:00,463.51,7990.9,8069.0,4056.0,100.0,1.0,4013.0,4056.0,417.13
33,2023-08-02 05:00:00,469.01,8029.5,8105.0,4052.0,95.0,1.0,4053.0,4052.0,398.83
34,2023-08-02 06:00:00,394.89,6807.96,6871.0,3188.0,100.0,1.0,3683.0,3188.0,390.01
35,2023-08-02 07:00:00,316.31,5415.3,5467.0,2092.0,100.0,1.0,3375.0,2092.0,380.26
36,2023-08-02 08:00:00,254.58,4389.02,4435.0,1214.0,100.0,1.0,3221.0,1214.0,370.96
37,2023-08-02 09:00:00,285.87,4894.01,4942.0,1452.0,100.0,1.0,3490.0,1452.0,366.53
38,2023-08-02 10:00:00,245.09,4225.35,4269.0,1163.0,100.0,1.0,3106.0,1163.0,363.55
39,2023-08-02 11:00:00,234.87,4021.05,4062.0,1143.0,100.0,1.0,2919.0,1143.0,361.43
40,2023-08-02 12:00:00,248.05,4276.45,4322.0,1192.0,100.0,1.0,3130.0,1192.0,360.8
41,2023-08-02 13:00:00,235.31,4028.57,4066.0,964.0,100.0,1.0,3102.0,964.0,357.35
42,2023-08-02 14:00:00,277.76,4788.59,4839.0,1650.0,100.0,1.0,3189.0,1650.0,364.97
43,2023-08-02 15:00:00,329.6,5642.7,5702.0,2430.0,100.0,1.0,3272.0,2430.0,364.14
44,2023-08-02 16:00:00,298.52,5146.44,5196.0,2046.0,95.0,1.0,3150.0,2046.0,364.58
45,2023-08-02 17:00:00,301.58,5163.11,5209.0,2000.0,100.0,1.0,3209.0,2000.0,371.12
46,2023-08-02 18:00:00,294.47,5076.65,5123.0,1987.0,100.0,1.0,3136.0,1987.0,387.41
47,2023-08-02 19:00:00,340.09,5822.39,5874.0,2336.0,100.0,1.0,3538.0,2336.0,396.78
48,2023-08-02 20:00:00,353.97,6102.37,6160.0,2338.0,100.0,1.0,3822.0,2338.0,395.48
49,2023-08-02 21:00:00,354.66,6071.77,6130.0,2158.0,100.0,1.0,3972.0,2158.0,398.75
50,2023-08-02 22:00:00,358.64,6182.9,6245.0,2329.0,100.0,1.0,3916.0,2329.0,410.71
51,2023-08-02 23:00:00,379.89,6503.78,6565.0,2706.0,100.0,1.0,3859.0,2706.0,415.01
52,2023-08-03 00:00:00,396.42,6834.23,6913.0,3097.0,95.0,1.0,3816.0,3097.0,421.69
53,2023-08-03 01:00:00,408.53,6993.99,7060.0,3272.0,100.0,1.0,3788.0,3272.0,425.25
54,2023-08-03 02:00:00,406.6,7009.78,7083.0,3405.0,100.0,1.0,3678.0,3405.0,419.63
55,2023-08-03 03:00:00,375.47,6428.06,6487.0,2708.0,100.0,1.0,3779.0,2708.0,405.85
56,2023-08-03 04:00:00,298.56,5147.16,5200.0,1917.0,100.0,1.0,3283.0,1917.0,395.53
57,2023-08-03 05:00:00,252.5,4322.8,4363.0,1452.0,100.0,1.0,2911.0,1452.0,383.33
58,2023-08-03 06:00:00,272.82,4703.35,4748.0,1731.0,100.0,1.0,3017.0,1731.0,384.05
59,2023-08-03 07:00:00,366.34,6271.76,6332.0,2878.0,95.0,1.0,3454.0,2878.0,383.6
60,2023-08-03 08:00:00,314.2,5416.84,5478.0,2084.0,100.0,1.0,3394.0,2084.0,376.39
61,2023-08-03 09:00:00,266.09,4555.46,4604.0,1396.0,100.0,1.0,3208.0,1396.0,369.59
62,2023-08-03 10:00:00,267.37,4609.54,4661.0,1129.0,100.0,1.0,3532.0,1129.0,364.36
63,2023-08-03 11:00:00,259.97,4450.63,4497.0,1048.0,100.0,1.0,3449.0,1048.0,357.71
64,2023-08-03 12:00:00,261.06,4500.68,4551.0,985.0,100.0,1.0,3566.0,985.0,355.67
65,2023-08-03 13:00:00,249.32,4268.44,4307.0,1037.0,100.0,1.0,3270.0,1037.0,351.35
66,2023-08-03 14:00:00,288.81,4979.04,5026.0,1333.0,100.0,1.0,3693.0,1333.0,353.4
67,2023-08-03 15:00:00,245.22,4198.18,4239.0,1158.0,100.0,1.0,3081.0,1158.0,352.86
68,2023-08-03 16:00:00,279.17,4812.96,4860.0,1572.0,100.0,1.0,3288.0,1572.0,361.6
69,2023-08-03 17:00:00,324.17,5549.82,5598.0,2463.0,100.0,1.0,3135.0,2463.0,372.31
70,2023-08-03 18:00:00,360.72,6218.83,6272.0,2868.0,95.0,1.0,3404.0,2868.0,387.69
71,2023-08-03 19:00:00,383.04,6557.58,6613.0,3388.0,100.0,1.0,3225.0,3388.0,386.65
72,2023-08-03 20:00:00,365.87,6307.56,6364.0,2893.0,100.0,1.0,3471.0,2893.0,397.19
73,2023-08-03 21:00:00,386.43,6615.62,6677.0,3068.0,100.0,1.0,3609.0,3068.0,408.01
74,2023-08-03 22:00:00,358.75,6184.81,6247.0,2635.0,100.0,1.0,3612.0,2635.0,401.69
75,2023-08-03 23:00:00,327.69,5610.13,5663.0,2016.0,100.0,1.0,3647.0,2016.0,385.2
76,2023-08-04 00:00:00,329.42,5679.12,5735.0,2022.0,100.0,1.0,3713.0,2022.0,389.46
77,2023-08-04 01:00:00,329.61,5642.93,5692.0,1929.0,95.0,1.0,3763.0,1929.0,385.18
78,2023-08-04 02:00:00,328.09,5656.34,5716.0,1897.0,100.0,1.0,3819.0,1897.0,388.23
79,2023-08-04 03:00:00,306.4,5245.54,5293.0,1873.0,100.0,1.0,3420.0,1873.0,385.04
80,2023-08-04 04:00:00,327.16,5640.18,5698.0,2082.0,100.0,1.0,3616.0,2082.0,388.35
81,2023-08-04 05:00:00,332.58,5693.74,5746.0,1948.0,100.0,1.0,3798.0,1948.0,385.25
82,2023-08-04 06:00:00,365.32,6298.13,6369.0,1757.0,100.0,1.0,4612.0,1757.0,384.46
83,2023-08-04 07:00:00,314.19,5378.87,5434.0,1632.0,100.0,1.0,3802.0,1632.0,378.61
84,2023-08-04 08:00:00,256.22,4417.25,4462.0,968.0,100.0,1.0,3494.0,968.0,366.55
85,2023-08-04 09:00:00,225.34,3857.77,3890.0,753.0,100.0,1.0,3137.0,753.0,360.09
86,2023-08-04 10:00:00,200.07,3449.15,3478.0,589.0,100.0,1.0,2889.0,589.0,358.71
87,2023-08-04 11:00:00,181.9,3114.13,3140.0,506.0,100.0,1.0,2634.0,506.0,355.31
88,2023-08-04 12:00:00,194.07,3345.69,3377.0,623.0,100.0,1.0,2754.0,623.0,355.36
89,2023-08-04 13:00:00,199.24,3410.93,3440.0,661.0,100.0,1.0,2779.0,661.0,354.91
90,2023-08-04 14:00:00,197.7,3408.36,3441.0,658.0,100.0,1.0,2783.0,658.0,354.54
91,2023-08-04 15:00:00,220.37,3772.69,3809.0,776.0,100.0,1.0,3033.0,776.0,353.44
92,2023-08-04 16:00:00,205.7,3546.26,3579.0,772.0,95.0,1.0,2807.0,772.0,357.73
93,2023-08-04 17:00:00,194.16,3323.96,3355.0,809.0,100.0,1.0,2546.0,809.0,359.35
94,2023-08-04 18:00:00,215.82,3720.68,3754.0,1186.0,100.0,1.0,2568.0,1186.0,364.58
95,2023-08-04 19:00:00,247.6,4238.9,4276.0,1424.0,100.0,1.0,2852.0,1424.0,367.79
96,2023-08-04 20:00:00,257.69,4442.61,4489.0,1679.0,100.0,1.0,2810.0,1679.0,374.29
97,2023-08-04 21:00:00,285.31,4884.58,4925.0,1751.0,100.0,1.0,3174.0,1751.0,378.58
98,2023-08-04 22:00:00,261.11,4501.59,4546.0,1559.0,100.0,1.0,2987.0,1559.0,388.41
99,2023-08-04 23:00:00,300.39,5142.74,5190.0,1446.0,100.0,1.0,3744.0,1446.0,393.12
100,2023-08-05 00:00:00,245.12,4225.8,4266.0,1295.0,100.0,1.0,2971.0,1295.0,399.29
101,2023-08-05 01:00:00,280.46,4801.44,4842.0,1823.0,100.0,1.0,3019.0,1823.0,403.39
102,2023-08-05 02:00:00,359.36,6195.32,6260.0,2880.0,100.0,1.0,3380.0,2880.0,405.47
103,2023-08-05 03:00:00,325.86,5578.76,5627.0,2238.0,95.0,1.0,3389.0,2238.0,400.47
104,2023-08-05 04:00:00,336.92,5808.52,5867.0,2460.0,100.0,1.0,3407.0,2460.0,396.89
105,2023-08-05 05:00:00,342.37,5861.39,5913.0,2773.0,100.0,1.0,3140.0,2773.0,388.86
106,2023-08-05 06:00:00,302.48,5214.76,5268.0,2133.0,100.0,1.0,3135.0,2133.0,384.75
107,2023-08-05 07:00:00,207.46,3551.76,3584.0,1123.0,100.0,1.0,2461.0,1123.0,374.59
108,2023-08-05 08:00:00,199.76,3443.8,3480.0,630.0,100.0,1.0,2850.0,630.0,368.36
109,2023-08-05 09:00:00,198.08,3391.17,3425.0,558.0,100.0,1.0,2867.0,558.0,362.58
110,2023-08-05 10:00:00,209.03,3603.6,3640.0,615.0,100.0,1.0,3025.0,615.0,360.79
111,2023-08-05 11:00:00,240.53,4117.81,4156.0,743.0,100.0,1.0,3413.0,743.0,361.65
112,2023-08-05 12:00:00,241.97,4171.53,4215.0,685.0,100.0,1.0,3530.0,685.0,361.19
113,2023-08-05 13:00:00,222.82,3814.76,3850.0,671.0,100.0,1.0,3179.0,671.0,358.83
114,2023-08-05 14:00:00,226.82,3910.29,3951.0,650.0,100.0,1.0,3301.0,650.0,358.17
115,2023-08-05 15:00:00,227.71,3898.32,3934.0,626.0,100.0,1.0,3308.0,626.0,357.04
116,2023-08-05 16:00:00,229.7,3960.08,4002.0,606.0,100.0,1.0,3396.0,606.0,358.67
117,2023-08-05 17:00:00,239.52,4100.65,4139.0,776.0,100.0,1.0,3363.0,776.0,379.87
118,2023-08-05 18:00:00,261.54,4508.95,4549.0,1207.0,100.0,1.0,3342.0,1207.0,408.83
119,2023-08-05 19:00:00,276.1,4726.84,4769.0,1403.0,95.0,1.0,3366.0,1403.0,419.38
120,2023-08-05 20:00:00,325.89,5618.4,5672.0,2039.0,100.0,1.0,3633.0,2039.0,420.87
121,2023-08-05 21:00:00,413.66,7081.91,7141.0,3014.0,100.0,1.0,4127.0,3014.0,422.45
122,2023-08-05 22:00:00,465.53,8025.8,8106.0,3427.0,100.0,1.0,4679.0,3427.0,430.92
123,2023-08-05 23:00:00,452.77,7751.45,7820.0,3059.0,100.0,1.0,4761.0,3059.0,419.17
124,2023-08-06 00:00:00,384.1,6621.9,6687.0,2033.0,100.0,1.0,4654.0,2033.0,409.68
125,2023-08-06 01:00:00,349.52,5983.7,6039.0,1746.0,100.0,1.0,4293.0,1746.0,418.7
126,2023-08-06 02:00:00,386.98,6671.55,6738.0,2321.0,95.0,1.0,4417.0,2321.0,430.98
127,2023-08-06 03:00:00,390.37,6683.19,6739.0,2597.0,100.0,1.0,4142.0,2597.0,424.74
128,2023-08-06 04:00:00,373.57,6440.42,6507.0,2438.0,100.0,1.0,4069.0,2438.0,411.68
129,2023-08-06 05:00:00,358.85,6143.48,6196.0,2091.0,100.0,1.0,4105.0,2091.0,396.87
130,2023-08-06 06:00:00,365.44,6300.15,6370.0,2049.0,100.0,1.0,4321.0,2049.0,388.23
131,2023-08-06 07:00:00,347.82,5954.61,6010.0,1869.0,100.0,1.0,4141.0,1869.0,381.66
132,2023-08-06 08:00:00,355.31,6125.53,6189.0,1839.0,100.0,1.0,4350.0,1839.0,377.15
133,2023-08-06 09:00:00,308.03,5273.39,5324.0,1227.0,100.0,1.0,4097.0,1227.0,371.75
134,2023-08-06 10:00:00,293.96,5067.85,5121.0,968.0,100.0,1.0,4153.0,968.0,368.53
135,2023-08-06 11:00:00,295.79,5063.98,5117.0,920.0,100.0,1.0,4197.0,920.0,363.94
136,2023-08-06 12:00:00,276.96,4774.71,4823.0,805.0,95.0,1.0,4018.0,805.0,360.61
137,2023-08-06 13:00:00,262.36,4491.54,4536.0,716.0,100.0,1.0,3820.0,716.0,358.45
138,2023-08-06 14:00:00,265.92,4584.51,4635.0,778.0,100.0,1.0,3857.0,778.0,358.32
139,2023-08-06 15:00:00,246.42,4218.71,4258.0,784.0,100.0,1.0,3474.0,784.0,357.86
140,2023-08-06 16:00:00,238.32,4108.65,4153.0,794.0,100.0,1.0,3359.0,794.0,358.95
141,2023-08-06 17:00:00,243.95,4176.44,4214.0,964.0,100.0,1.0,3250.0,964.0,363.07
142,2023-08-06 18:00:00,280.16,4829.93,4882.0,1238.0,100.0,1.0,3644.0,1238.0,371.82
143,2023-08-06 19:00:00,288.13,4932.8,4977.0,1315.0,100.0,1.0,3662.0,1315.0,379.87
144,2023-08-06 20:00:00,322.37,5557.66,5609.0,1651.0,100.0,1.0,3958.0,1651.0,385.15
145,2023-08-06 21:00:00,320.13,5480.67,5532.0,1549.0,100.0,1.0,3983.0,1549.0,382.16
146,2023-08-06 22:00:00,305.0,5258.19,5311.0,1316.0,100.0,1.0,3995.0,1316.0,379.8
147,2023-08-06 23:00:00,304.19,5207.8,5257.0,1369.0,100.0,1.0,3888.0,1369.0,377.26
148,2023-08-07 00:00:00,267.89,4618.36,4662.0,1023.0,100.0,1.0,3639.0,1023.0,380.6
149,2023-08-07 01:00:00,266.5,4562.54,4602.0,947.0,100.0,1.0,3655.0,947.0,386.28
150,2023-08-07 02:00:00,264.04,4552.11,4597.0,912.0,100.0,1.0,3685.0,912.0,393.99
151,2023-08-07 03:00:00,264.48,4527.87,4568.0,969.0,100.0,1.0,3599.0,969.0,392.84
152,2023-08-07 04:00:00,248.78,4288.99,4335.0,961.0,95.0,1.0,3374.0,961.0,386.48
153,2023-08-07 05:00:00,260.41,4458.14,4499.0,1012.0,100.0,1.0,3487.0,1012.0,379.65
154,2023-08-07 06:00:00,257.2,4434.12,4482.0,1059.0,100.0,1.0,3423.0,1059.0,377.24
155,2023-08-07 07:00:00,258.81,4430.91,4478.0,955.0,100.0,1.0,3523.0,955.0,373.1
156,2023-08-07 08:00:00,242.95,4188.52,4233.0,793.0,100.0,1.0,3440.0,793.0,366.43
157,2023-08-07 09:00:00,235.23,4027.2,4072.0,623.0,100.0,1.0,3449.0,623.0,362.51
158,2023-08-07 09:00:00,235.23,4027.2,4072.0,623.0,100.0,1.0,3449.0,623.0,362.51
159,2023-08-07 09:00:00,235.23,4027.2,4072.0,623.0,100.0,1.0,3449.0,623.0,362.51
160,2023-08-07 09:00:00,235.23,4027.2,4072.0,623.0,100.0,1.0,3449.0,623.0,362.51
161,2023-08-07 13:00:00,3100.58,53454.05,54110.0,600.0,100.0,1.0,53510.0,600.0,356.69
162,2023-08-07 14:00:00,183.52,3141.91,3179.0,598.0,100.0,1.0,2581.0,598.0,352.03
163,2023-08-07 15:00:00,201.24,3469.35,3512.0,666.0,100.0,1.0,2846.0,666.0,353.91
164,2023-08-07 16:00:00,179.6,3074.68,3105.0,597.0,100.0,1.0,2508.0,597.0,353.49
165,2023-08-07 17:00:00,181.08,3121.83,3156.0,806.0,100.0,1.0,2350.0,806.0,358.4
166,2023-08-07 18:00:00,180.34,3087.42,3114.0,796.0,100.0,1.0,2318.0,796.0,359.98
167,2023-08-07 19:00:00,191.75,3305.83,3336.0,777.0,100.0,1.0,2559.0,777.0,362.22
168,2023-08-07 20:00:00,174.73,2991.43,3019.0,765.0,100.0,1.0,2254.0,765.0,360.76
169,2023-08-08 09:00:00,319.81,5513.58,5566.0,2422.0,100.0,1.0,3144.0,2422.0,377.19
170,2023-08-08 10:00:00,343.24,5876.25,5928.0,2523.0,100.0,1.0,3405.0,2523.0,377.52
171,2023-08-08 11:00:00,372.24,6417.5,6479.0,2945.0,100.0,1.0,3534.0,2945.0,383.18
172,2023-08-08 12:00:00,335.31,5740.47,5790.0,3043.0,100.0,1.0,2747.0,3043.0,381.16
173,2023-08-08 13:00:00,331.62,5717.15,5772.0,2977.0,8.0,1.0,2795.0,2977.0,380.72
174,2023-08-08 14:00:00,355.57,6087.36,6143.0,0.0,0.0,1.0,0.0,0.0,378.04
175,2023-08-08 15:00:00,358.37,6178.34,6239.0,0.0,0.0,1.0,0.0,0.0,376.91
176,2023-08-08 16:00:00,193.71,3316.25,3344.0,0.0,0.0,1.0,0.0,0.0,371.23
177,2023-08-08 17:00:00,145.52,2508.82,2536.0,0.0,0.0,1.0,0.0,0.0,369.55
178,2023-08-08 18:00:00,126.41,2164.07,2184.0,0.0,0.0,1.0,0.0,0.0,367.04
179,2023-08-08 19:00:00,117.48,2025.35,2045.0,0.0,0.0,1.0,0.0,0.0,368.83
180,2023-08-08 20:00:00,132.5,2268.37,2288.0,0.0,0.0,1.0,0.0,0.0,369.33
181,2023-08-08 21:00:00,134.88,2325.39,2349.0,0.0,0.0,1.0,0.0,0.0,373.29
182,2023-08-08 22:00:00,141.06,2414.89,2437.0,0.0,0.0,1.0,0.0,0.0,373.0
183,2023-08-08 23:00:00,107.81,1858.57,1876.0,0.0,0.0,1.0,0.0,0.0,375.95
184,2023-08-09 00:00:00,115.13,1971.0,1990.0,0.0,0.0,1.0,0.0,0.0,375.83
185,2023-08-09 01:00:00,118.52,2043.34,2065.0,0.0,0.0,1.0,0.0,0.0,378.55
186,2023-08-09 02:00:00,134.7,2306.12,2326.0,0.0,0.0,1.0,0.0,0.0,380.58
187,2023-08-09 03:00:00,114.73,1977.99,1998.0,0.0,0.0,1.0,0.0,0.0,382.47
188,2023-08-09 04:00:00,103.7,1775.38,1793.0,0.0,0.0,1.0,0.0,0.0,379.79
189,2023-08-09 05:00:00,119.46,2059.5,2081.0,0.0,0.0,1.0,0.0,0.0,379.1
190,2023-08-09 06:00:00,139.78,2392.97,2416.0,0.0,0.0,1.0,0.0,0.0,374.98
191,2023-08-09 07:00:00,360.91,6222.11,6285.0,0.0,0.0,1.0,0.0,0.0,373.27
192,2023-08-09 08:00:00,182.33,3121.56,3148.0,0.0,0.0,1.0,0.0,0.0,367.64
193,2023-08-09 09:00:00,160.26,2762.8,2790.0,0.0,0.0,1.0,0.0,0.0,365.94
194,2023-08-09 10:00:00,152.5,2610.74,2633.0,0.0,0.0,1.0,0.0,0.0,363.03
195,2023-08-09 11:00:00,161.32,2781.16,2807.0,0.0,0.0,1.0,0.0,0.0,362.56
196,2023-08-09 12:00:00,154.25,2640.77,2666.0,0.0,0.0,1.0,0.0,0.0,360.06
197,2023-08-09 13:00:00,163.3,2815.36,2843.0,0.0,0.0,1.0,0.0,0.0,359.81
198,2023-08-09 14:00:00,146.9,2514.98,2536.0,0.0,0.0,1.0,0.0,0.0,359.21
199,2023-08-09 15:00:00,153.53,2646.89,2674.0,0.0,0.0,1.0,0.0,0.0,359.51
200,2023-08-09 16:00:00,142.55,2440.51,2464.0,0.0,0.0,1.0,0.0,0.0,356.12
201,2023-08-09 17:00:00,128.43,2214.1,2234.0,0.0,0.0,1.0,0.0,0.0,356.78
202,2023-08-09 18:00:00,129.34,2214.34,2233.0,0.0,0.0,1.0,0.0,0.0,355.93
203,2023-08-09 19:00:00,141.85,2445.51,2469.0,0.0,0.0,1.0,0.0,0.0,357.65
204,2023-08-09 20:00:00,154.02,2636.78,2660.0,0.0,0.0,1.0,0.0,0.0,356.16
205,2023-08-09 21:00:00,151.95,2619.62,2644.0,0.0,0.0,1.0,0.0,0.0,358.26
206,2023-08-09 22:00:00,165.94,2840.88,2866.0,0.0,0.0,1.0,0.0,0.0,358.1
207,2023-08-09 23:00:00,142.76,2461.24,2485.0,0.0,0.0,1.0,0.0,0.0,362.03
208,2023-08-10 00:00:00,144.35,2471.32,2493.0,0.0,0.0,1.0,0.0,0.0,362.33
209,2023-08-10 01:00:00,136.03,2345.1,2368.0,0.0,0.0,1.0,0.0,0.0,366.26
210,2023-08-10 02:00:00,158.96,2721.35,2746.0,0.0,0.0,1.0,0.0,0.0,367.88
211,2023-08-10 03:00:00,157.57,2716.44,2744.0,0.0,0.0,1.0,0.0,0.0,371.31
212,2023-08-10 04:00:00,152.31,2607.58,2631.0,0.0,0.0,1.0,0.0,0.0,370.58
213,2023-08-10 05:00:00,158.58,2733.92,2759.0,0.0,0.0,1.0,0.0,0.0,371.22
214,2023-08-10 06:00:00,180.3,3086.66,3113.0,0.0,0.0,1.0,0.0,0.0,368.33
215,2023-08-10 07:00:00,189.06,3259.47,3290.0,988.0,19.0,1.0,2302.0,988.0,373.62
216,2023-08-10 08:00:00,200.26,3428.38,3464.0,982.0,100.0,1.0,2482.0,982.0,364.59
217,2023-08-10 09:00:00,182.61,3148.16,3181.0,890.0,100.0,1.0,2291.0,890.0,361.26
218,2023-08-10 10:00:00,168.56,2885.75,2912.0,881.0,100.0,1.0,2031.0,881.0,354.55
219,2023-08-10 11:00:00,182.69,3149.55,3184.0,839.0,100.0,1.0,2345.0,839.0,356.97
220,2023-08-10 12:00:00,190.86,3267.51,3298.0,858.0,100.0,1.0,2440.0,858.0,353.19
221,2023-08-10 13:00:00,204.8,3530.8,3567.0,914.0,100.0,1.0,2653.0,914.0,356.03
222,2023-08-10 14:00:00,186.12,3186.43,3218.0,980.0,100.0,1.0,2238.0,980.0,350.75
223,2023-08-10 15:00:00,200.44,3455.58,3489.0,969.0,100.0,1.0,2520.0,969.0,354.42
224,2023-08-10 16:00:00,214.34,3669.45,3703.0,1239.0,100.0,1.0,2464.0,1239.0,351.71
225,2023-08-10 17:00:00,225.99,3896.1,3934.0,1237.0,100.0,1.0,2697.0,1237.0,362.95
226,2023-08-10 18:00:00,184.56,3159.74,3185.0,1258.0,100.0,1.0,1927.0,1258.0,364.91
227,2023-08-10 19:00:00,237.03,4086.35,4125.0,1530.0,100.0,1.0,2595.0,1530.0,374.75
228,2023-08-10 20:00:00,235.37,4029.51,4063.0,1808.0,100.0,1.0,2255.0,1808.0,381.57
229,2023-08-10 21:00:00,266.9,4601.38,4649.0,2172.0,100.0,1.0,2477.0,2172.0,391.31
230,2023-08-10 22:00:00,265.54,4546.06,4588.0,2192.0,92.0,1.0,2396.0,2192.0,391.16
231,2023-08-10 23:00:00,257.68,4442.45,4484.0,2030.0,100.0,1.0,2454.0,2030.0,396.89
232,2023-08-11 00:00:00,233.9,4004.35,4043.0,1698.0,100.0,1.0,2345.0,1698.0,389.16
233,2023-08-11 01:00:00,269.74,4650.24,4698.0,1640.0,100.0,1.0,3058.0,1640.0,398.61
234,2023-08-11 02:00:00,257.45,4407.62,4445.0,1968.0,100.0,1.0,2477.0,1968.0,398.7
235,2023-08-11 03:00:00,302.5,5215.03,5270.0,2277.0,100.0,1.0,2993.0,2277.0,399.9
236,2023-08-11 04:00:00,289.51,4956.42,5004.0,2099.0,100.0,1.0,2905.0,2099.0,387.69
237,2023-08-11 05:00:00,237.42,4093.18,4139.0,1569.0,100.0,1.0,2570.0,1569.0,381.33
238,2023-08-11 06:00:00,211.86,3627.01,3662.0,1233.0,100.0,1.0,2429.0,1233.0,371.18
239,2023-08-11 07:00:00,241.25,4159.2,4195.0,1486.0,100.0,1.0,2709.0,1486.0,371.91
240,2023-08-11 08:00:00,246.2,4215.02,4250.0,1718.0,93.0,1.0,2532.0,1718.0,370.2
241,2023-08-11 09:00:00,251.57,4337.13,4378.0,1630.0,100.0,1.0,2748.0,1630.0,369.19
242,2023-08-11 10:00:00,221.07,3784.8,3818.0,1336.0,100.0,1.0,2482.0,1336.0,367.18
243,2023-08-11 11:00:00,249.89,4308.17,4348.0,1560.0,100.0,1.0,2788.0,1560.0,369.98
244,2023-08-11 12:00:00,274.97,4707.54,4755.0,1882.0,100.0,1.0,2873.0,1882.0,368.88
245,2023-08-11 13:00:00,267.67,4614.69,4663.0,1509.0,100.0,1.0,3154.0,1509.0,369.57
246,2023-08-11 14:00:00,272.41,4663.65,4710.0,1656.0,100.0,1.0,3054.0,1656.0,369.89
247,2023-08-11 15:00:00,271.66,4683.43,4730.0,1798.0,100.0,1.0,2932.0,1798.0,372.8
248,2023-08-11 16:00:00,289.21,4951.22,5001.0,2038.0,100.0,1.0,2963.0,2038.0,371.85
249,2023-08-11 17:00:00,317.48,5473.37,5525.0,1941.0,100.0,1.0,3584.0,1941.0,380.34
250,2023-08-11 18:00:00,336.13,5754.5,5800.0,2737.0,100.0,1.0,3063.0,2737.0,381.65
251,2023-08-11 19:00:00,472.65,8148.53,8234.0,4443.0,93.0,1.0,3791.0,4443.0,388.74
252,2023-08-11 20:00:00,422.75,7237.49,7316.0,3909.0,100.0,1.0,3407.0,3909.0,408.18
253,2023-08-11 21:00:00,410.72,7080.84,7161.0,3465.0,100.0,1.0,3696.0,3465.0,421.09
254,2023-08-11 22:00:00,440.5,7541.39,7618.0,4297.0,100.0,1.0,3321.0,4297.0,418.58
255,2023-08-11 23:00:00,446.87,7703.98,7776.0,4320.0,100.0,1.0,3456.0,4320.0,431.67
256,2023-08-12 00:00:00,362.98,6214.2,6273.0,2985.0,93.0,1.0,3288.0,2985.0,426.66
257,2023-08-12 01:00:00,307.68,5304.36,5355.0,2040.0,100.0,1.0,3315.0,2040.0,420.53
258,2023-08-12 02:00:00,293.87,5031.01,5079.0,1801.0,100.0,1.0,3278.0,1801.0,417.83
259,2023-08-12 03:00:00,299.64,5165.82,5217.0,1831.0,100.0,1.0,3386.0,1831.0,414.31
260,2023-08-12 04:00:00,275.46,4715.84,4763.0,1826.0,100.0,1.0,2937.0,1826.0,407.68
261,2023-08-12 05:00:00,275.94,4757.24,4804.0,1651.0,100.0,1.0,3153.0,1651.0,401.35
262,2023-08-12 06:00:00,264.59,4529.76,4574.0,1568.0,100.0,1.0,3006.0,1568.0,395.68
263,2023-08-12 07:00:00,307.79,5306.35,5360.0,2118.0,100.0,1.0,3242.0,2118.0,391.16
264,2023-08-12 08:00:00,286.93,4912.29,4959.0,1764.0,100.0,1.0,3195.0,1764.0,385.5
265,2023-08-12 09:00:00,324.63,5596.7,5656.0,2219.0,93.0,1.0,3437.0,2219.0,381.64
266,2023-08-12 10:00:00,302.8,5183.98,5230.0,2041.0,100.0,1.0,3189.0,2041.0,376.88
267,2023-08-12 11:00:00,299.49,5163.2,5215.0,1938.0,100.0,1.0,3277.0,1938.0,380.2
268,2023-08-12 12:00:00,294.05,5034.14,5079.0,1745.0,100.0,1.0,3334.0,1745.0,375.7
269,2023-08-12 13:00:00,276.02,4758.61,4807.0,1512.0,100.0,1.0,3295.0,1512.0,373.71
270,2023-08-12 14:00:00,218.1,3733.79,3770.0,1223.0,100.0,1.0,2547.0,1223.0,370.73
271,2023-08-12 15:00:00,268.86,4635.18,4684.0,1523.0,100.0,1.0,3161.0,1523.0,370.77
272,2023-08-12 16:00:00,217.31,3720.39,3755.0,1088.0,100.0,1.0,2667.0,1088.0,365.83
273,2023-08-12 17:00:00,221.43,3817.39,3855.0,1014.0,100.0,1.0,2841.0,1014.0,365.98
274,2023-08-12 18:00:00,255.11,4367.43,4409.0,1203.0,100.0,1.0,3206.0,1203.0,367.7
275,2023-08-12 19:00:00,284.68,4907.81,4956.0,1514.0,100.0,1.0,3442.0,1514.0,371.77
276,2023-08-12 20:00:00,276.99,4742.04,4781.0,1453.0,93.0,1.0,3328.0,1453.0,374.35
277,2023-08-12 21:00:00,304.43,5248.44,5303.0,1749.0,100.0,1.0,3554.0,1749.0,378.61
278,2023-08-12 22:00:00,284.24,4866.15,4913.0,1465.0,100.0,1.0,3448.0,1465.0,378.24
279,2023-08-12 23:00:00,260.37,4488.8,4535.0,1256.0,100.0,1.0,3279.0,1256.0,387.8
280,2023-08-13 00:00:00,279.71,4788.62,4834.0,1690.0,100.0,1.0,3144.0,1690.0,390.18
281,2023-08-13 01:00:00,262.81,4530.93,4578.0,1472.0,100.0,1.0,3106.0,1472.0,401.1
282,2023-08-13 02:00:00,258.02,4417.36,4460.0,1528.0,100.0,1.0,2932.0,1528.0,404.76
283,2023-08-13 03:00:00,255.27,4400.78,4445.0,1337.0,100.0,1.0,3108.0,1337.0,402.49
284,2023-08-13 04:00:00,264.81,4533.61,4574.0,1287.0,100.0,1.0,3287.0,1287.0,396.68
285,2023-08-13 05:00:00,264.32,4556.83,4605.0,1226.0,100.0,1.0,3379.0,1226.0,393.84
286,2023-08-13 06:00:00,223.09,3819.36,3860.0,1045.0,100.0,1.0,2815.0,1045.0,387.34
287,2023-08-13 07:00:00,200.95,3464.35,3501.0,795.0,100.0,1.0,2706.0,795.0,380.62
288,2023-08-13 08:00:00,128.67,2202.9,2222.0,459.0,100.0,1.0,1763.0,459.0,368.09
289,2023-08-13 09:00:00,130.25,2245.46,2266.0,462.0,100.0,1.0,1804.0,462.0,365.48
290,2023-08-13 10:00:00,118.16,2022.93,2041.0,457.0,100.0,1.0,1584.0,457.0,357.91
291,2023-08-13 11:00:00,114.45,1973.2,1993.0,386.0,100.0,1.0,1607.0,386.0,360.73
292,2023-08-13 12:00:00,102.69,1758.13,1773.0,392.0,95.0,1.0,1381.0,392.0,358.38
293,2023-08-13 13:00:00,110.23,1900.34,1919.0,477.0,100.0,1.0,1442.0,477.0,363.27
294,2023-08-13 14:00:00,115.05,1969.71,1989.0,530.0,100.0,1.0,1459.0,530.0,359.04
295,2023-08-13 15:00:00,129.85,2238.66,2260.0,625.0,100.0,1.0,1635.0,625.0,365.49
296,2023-08-13 16:00:00,142.09,2432.63,2455.0,809.0,100.0,1.0,1646.0,809.0,363.38
297,2023-08-13 17:00:00,158.76,2737.08,2762.0,886.0,100.0,1.0,1876.0,886.0,368.87
298,2023-08-13 18:00:00,148.36,2539.89,2563.0,951.0,100.0,1.0,1612.0,951.0,366.86
299,2023-08-13 19:00:00,130.54,2250.46,2271.0,815.0,100.0,1.0,1456.0,815.0,372.79
300,2023-08-13 20:00:00,113.57,1944.36,1964.0,661.0,100.0,1.0,1303.0,661.0,369.29
301,2023-08-13 21:00:00,114.06,1966.43,1984.0,514.0,100.0,1.0,1470.0,514.0,374.47
302,2023-08-13 22:00:00,104.9,1795.85,1812.0,567.0,100.0,1.0,1245.0,567.0,370.52
303,2023-08-13 23:00:00,103.15,1778.32,1797.0,482.0,100.0,1.0,1315.0,482.0,375.84
304,2023-08-14 00:00:00,114.42,1958.86,1977.0,387.0,100.0,1.0,1590.0,387.0,372.79
305,2023-08-14 01:00:00,119.71,2063.87,2085.0,553.0,100.0,1.0,1532.0,553.0,378.97
306,2023-08-14 02:00:00,102.04,1746.95,1763.0,461.0,100.0,1.0,1302.0,461.0,375.93
307,2023-08-14 03:00:00,89.61,1544.87,1561.0,280.0,100.0,1.0,1281.0,280.0,383.04
308,2023-08-14 04:00:00,96.5,1652.16,1667.0,435.0,100.0,1.0,1232.0,435.0,381.35
309,2023-08-14 05:00:00,121.64,2097.16,2118.0,593.0,100.0,1.0,1525.0,593.0,384.93
310,2023-08-14 06:00:00,143.06,2449.16,2472.0,859.0,100.0,1.0,1613.0,859.0,379.66
311,2023-08-14 07:00:00,169.85,2928.23,2956.0,1132.0,100.0,1.0,1824.0,1132.0,378.81
312,2023-08-14 08:00:00,175.6,3006.35,3033.0,1136.0,100.0,1.0,1897.0,1136.0,375.33
313,2023-08-14 09:00:00,195.27,3366.49,3400.0,1286.0,100.0,1.0,2114.0,1286.0,374.1
314,2023-08-14 10:00:00,171.97,2944.11,2969.0,974.0,100.0,1.0,1995.0,974.0,370.48
315,2023-08-14 11:00:00,181.46,3128.45,3163.0,988.0,100.0,1.0,2175.0,988.0,369.02
316,2023-08-14 12:00:00,174.34,2984.74,3013.0,890.0,100.0,1.0,2123.0,890.0,363.62
317,2023-08-14 13:00:00,175.68,3028.75,3057.0,1018.0,100.0,1.0,2039.0,1018.0,362.07
318,2023-08-14 14:00:00,202.47,3466.33,3498.0,1360.0,93.0,1.0,2138.0,1360.0,356.34
319,2023-08-14 15:00:00,211.05,3638.43,3678.0,1305.0,100.0,1.0,2373.0,1305.0,356.38
320,2023-08-14 16:00:00,180.29,3086.61,3117.0,985.0,100.0,1.0,2132.0,985.0,353.23
321,2023-08-14 17:00:00,194.17,3347.48,3381.0,1193.0,100.0,1.0,2188.0,1193.0,357.1
322,2023-08-14 18:00:00,214.66,3674.96,3708.0,1724.0,100.0,1.0,1984.0,1724.0,364.52
323,2023-08-14 19:00:00,255.22,4400.03,4441.0,2116.0,100.0,1.0,2325.0,2116.0,368.43
324,2023-08-14 20:00:00,241.98,4142.73,4184.0,1832.0,100.0,1.0,2352.0,1832.0,364.58
325,2023-08-14 21:00:00,221.04,3810.8,3849.0,1459.0,100.0,1.0,2390.0,1459.0,366.25
326,2023-08-14 22:00:00,211.54,3621.48,3656.0,1535.0,100.0,1.0,2121.0,1535.0,364.73
327,2023-08-14 23:00:00,200.2,3451.51,3485.0,1305.0,100.0,1.0,2180.0,1305.0,367.3
328,2023-08-15 00:00:00,195.5,3346.9,3378.0,1332.0,100.0,1.0,2046.0,1332.0,369.28
329,2023-08-15 01:00:00,231.07,3983.57,4020.0,1646.0,100.0,1.0,2374.0,1646.0,378.21
330,2023-08-15 02:00:00,246.88,4226.57,4266.0,2135.0,92.0,1.0,2131.0,2135.0,381.73
331,2023-08-15 03:00:00,226.56,3905.89,3943.0,1623.0,100.0,1.0,2320.0,1623.0,382.93
332,2023-08-15 04:00:00,217.68,3726.64,3761.0,1969.0,100.0,1.0,1792.0,1969.0,377.59
333,2023-08-15 05:00:00,245.97,4240.55,4280.0,1937.0,100.0,1.0,2343.0,1937.0,376.95
334,2023-08-15 06:00:00,300.73,5148.58,5190.0,2948.0,100.0,1.0,2242.0,2948.0,371.53
335,2023-08-15 07:00:00,211.57,3647.55,3681.0,1362.0,100.0,1.0,2319.0,1362.0,366.56
336,2023-08-15 08:00:00,180.91,3097.1,3126.0,1059.0,100.0,1.0,2067.0,1059.0,362.41
337,2023-08-15 09:00:00,206.04,3552.08,3587.0,1206.0,100.0,1.0,2381.0,1206.0,361.89
338,2023-08-15 10:00:00,212.93,3645.36,3680.0,1122.0,100.0,1.0,2558.0,1122.0,359.5
339,2023-08-15 11:00:00,211.71,3649.81,3684.0,918.0,100.0,1.0,2766.0,918.0,358.76
340,2023-08-15 12:00:00,169.53,2902.42,2929.0,621.0,100.0,1.0,2308.0,621.0,358.51
341,2023-08-15 13:00:00,172.18,2968.36,2999.0,576.0,100.0,1.0,2423.0,576.0,359.55
342,2023-08-15 14:00:00,163.65,2801.66,2829.0,606.0,100.0,1.0,2223.0,606.0,358.2
343,2023-08-15 15:00:00,156.67,2700.91,2729.0,569.0,100.0,1.0,2160.0,569.0,358.63
344,2023-08-15 16:00:00,156.04,2671.36,2694.0,704.0,100.0,1.0,1990.0,704.0,358.01
345,2023-08-15 17:00:00,165.21,2848.25,2876.0,792.0,100.0,1.0,2084.0,792.0,363.86
346,2023-08-15 18:00:00,197.94,3388.7,3416.0,1353.0,93.0,1.0,2063.0,1353.0,369.12
347,2023-08-15 19:00:00,231.56,3992.09,4035.0,1880.0,100.0,1.0,2155.0,1880.0,387.54
348,2023-08-15 20:00:00,259.48,4442.31,4481.0,2587.0,100.0,1.0,1894.0,2587.0,396.05
349,2023-08-15 21:00:00,267.59,4613.32,4658.0,2112.0,100.0,1.0,2546.0,2112.0,400.21
350,2023-08-15 22:00:00,257.17,4402.77,4444.0,2142.0,100.0,1.0,2302.0,2142.0,401.24
351,2023-08-15 23:00:00,305.91,5273.93,5328.0,2678.0,100.0,1.0,2650.0,2678.0,404.93
352,2023-08-16 00:00:00,309.51,5298.89,5347.0,2716.0,100.0,1.0,2631.0,2716.0,397.57
353,2023-08-16 01:00:00,327.59,5647.64,5707.0,2469.0,100.0,1.0,3238.0,2469.0,397.66
354,2023-08-16 02:00:00,282.55,4837.2,4882.0,2392.0,93.0,1.0,2490.0,2392.0,397.31
355,2023-08-16 03:00:00,330.55,5698.62,5753.0,2336.0,100.0,1.0,3417.0,2336.0,399.41
356,2023-08-16 04:00:00,306.61,5249.16,5294.0,2395.0,100.0,1.0,2899.0,2395.0,394.97
357,2023-08-16 05:00:00,324.82,5599.95,5655.0,2148.0,100.0,1.0,3507.0,2148.0,393.94
358,2023-08-16 06:00:00,291.65,4993.13,5032.0,2318.0,100.0,1.0,2714.0,2318.0,394.26
359,2023-08-16 07:00:00,343.85,5928.04,5989.0,2265.0,100.0,1.0,3724.0,2265.0,390.25
360,2023-08-16 08:00:00,233.72,4001.31,4044.0,1122.0,100.0,1.0,2922.0,1122.0,373.27
361,2023-08-16 09:00:00,262.58,4526.8,4573.0,784.0,100.0,1.0,3789.0,784.0,369.26
362,2023-08-16 10:00:00,231.75,3967.48,4007.0,742.0,100.0,1.0,3265.0,742.0,359.46
363,2023-08-16 11:00:00,270.48,4663.07,4714.0,687.0,100.0,1.0,4027.0,687.0,358.98
364,2023-08-16 12:00:00,249.52,4271.86,4311.0,650.0,100.0,1.0,3661.0,650.0,353.78
365,2023-08-16 13:00:00,286.62,4941.25,4996.0,649.0,100.0,1.0,4347.0,649.0,354.55
366,2023-08-16 16:00:00,269.93,4621.13,4665.0,670.0,100.0,1.0,3995.0,670.0,355.87
367,2023-08-16 16:00:00,269.93,4621.13,4665.0,670.0,100.0,1.0,3995.0,670.0,355.87
368,2023-08-16 16:00:00,269.93,4621.13,4665.0,670.0,100.0,1.0,3995.0,670.0,355.87
369,2023-08-16 17:00:00,296.31,5108.44,5159.0,1014.0,100.0,1.0,4145.0,1014.0,366.52
370,2023-08-16 18:00:00,242.69,4154.91,4185.0,1252.0,93.0,1.0,2933.0,1252.0,371.19
371,2023-08-16 19:00:00,271.38,4678.52,4713.0,1391.0,100.0,1.0,3322.0,1391.0,382.09
372,2023-08-16 20:00:00,260.32,4456.63,4492.0,1606.0,100.0,1.0,2886.0,1606.0,381.3
373,2023-08-16 21:00:00,328.37,5661.15,5717.0,2306.0,100.0,1.0,3411.0,2306.0,397.66
374,2023-08-16 22:00:00,342.24,5859.18,5908.0,3109.0,100.0,1.0,2799.0,3109.0,397.24
375,2023-08-16 23:00:00,444.21,7658.14,7734.0,4269.0,100.0,1.0,3465.0,4269.0,409.84
376,2023-08-17 00:00:00,516.53,8842.97,8920.0,6028.0,98.0,1.0,2892.0,6028.0,422.93
377,2023-08-17 01:00:00,649.36,11195.01,11297.0,8280.0,97.0,1.0,3017.0,8280.0,438.62
378,2023-08-17 02:00:00,688.98,11795.32,11906.0,9220.0,100.0,1.0,2686.0,9220.0,447.55
379,2023-08-17 03:00:00,756.84,13047.84,13182.0,10422.0,93.0,1.0,2760.0,10422.0,468.27
380,2023-08-17 04:00:00,676.41,11580.09,11683.0,9423.0,100.0,1.0,2260.0,9423.0,453.98
381,2023-08-17 05:00:00,550.09,9483.51,9572.0,6295.0,100.0,1.0,3277.0,6295.0,439.53
382,2023-08-17 06:00:00,448.33,7675.48,7755.0,4492.0,93.0,1.0,3263.0,4492.0,413.97
383,2023-08-17 07:00:00,400.49,6904.44,6974.0,3612.0,100.0,1.0,3362.0,3612.0,391.16
384,2023-08-17 08:00:00,249.19,4266.12,4310.0,1384.0,100.0,1.0,2926.0,1384.0,376.8
385,2023-08-17 09:00:00,260.87,4497.33,4539.0,1554.0,100.0,1.0,2985.0,1554.0,371.02
386,2023-08-17 10:00:00,290.18,4967.92,5012.0,1492.0,100.0,1.0,3520.0,1492.0,371.22
387,2023-08-17 11:00:00,278.56,4802.46,4857.0,1432.0,100.0,1.0,3425.0,1432.0,370.27
388,2023-08-17 12:00:00,284.42,4869.33,4920.0,1549.0,100.0,1.0,3371.0,1549.0,364.17
389,2023-08-17 13:00:00,305.07,5259.48,5304.0,1543.0,100.0,1.0,3761.0,1543.0,364.13
390,2023-08-17 14:00:00,258.38,4423.46,4466.0,1381.0,100.0,1.0,3085.0,1381.0,363.83
391,2023-08-17 15:00:00,220.83,3807.18,3848.0,928.0,100.0,1.0,2920.0,928.0,364.42
392,2023-08-17 16:00:00,235.79,4036.71,4072.0,1300.0,93.0,1.0,2772.0,1300.0,370.6
393,2023-08-17 17:00:00,245.48,4232.01,4276.0,1443.0,100.0,1.0,2833.0,1443.0,383.03
394,2023-08-17 18:00:00,242.86,4157.72,4191.0,1819.0,100.0,1.0,2372.0,1819.0,402.65
395,2023-08-17 19:00:00,353.98,6102.65,6159.0,2951.0,100.0,1.0,3208.0,2951.0,416.6
396,2023-08-17 20:00:00,375.26,6424.43,6483.0,3803.0,100.0,1.0,2680.0,3803.0,419.65
397,2023-08-17 21:00:00,426.71,7356.51,7426.0,4185.0,100.0,1.0,3241.0,4185.0,422.43
398,2023-08-17 22:00:00,380.06,6506.68,6569.0,4179.0,100.0,1.0,2390.0,4179.0,419.63
399,2023-08-17 23:00:00,354.46,6110.89,6169.0,3460.0,93.0,1.0,2709.0,3460.0,420.93
400,2023-08-18 00:00:00,400.49,6856.34,6915.0,4501.0,100.0,1.0,2414.0,4501.0,427.83
401,2023-08-18 01:00:00,647.38,11160.79,11275.0,8098.0,100.0,1.0,3177.0,8098.0,436.64
402,2023-08-18 02:00:00,639.24,10943.81,11051.0,8195.0,93.0,1.0,2856.0,8195.0,441.95
403,2023-08-18 03:00:00,670.61,11561.38,11671.0,8458.0,100.0,1.0,3213.0,8458.0,439.51
404,2023-08-18 04:00:00,688.83,11792.82,11905.0,9021.0,100.0,1.0,2884.0,9021.0,429.55
405,2023-08-18 05:00:00,516.62,8906.48,8994.0,5373.0,93.0,1.0,3621.0,5373.0,408.53
406,2023-08-18 06:00:00,443.25,7588.43,7658.0,4150.0,100.0,1.0,3508.0,4150.0,394.68
407,2023-08-18 07:00:00,503.14,8674.11,8774.0,4675.0,100.0,1.0,4099.0,4675.0,388.01
408,2023-08-18 08:00:00,458.27,7845.52,7913.0,3941.0,100.0,1.0,3972.0,3941.0,384.41
409,2023-08-18 09:00:00,510.41,8799.54,8886.0,4472.0,93.0,1.0,4414.0,4472.0,384.23
410,2023-08-18 10:00:00,437.92,7497.24,7557.0,3784.0,100.0,1.0,3773.0,3784.0,380.32
411,2023-08-18 11:00:00,454.11,7828.89,7912.0,4410.0,100.0,1.0,3502.0,4410.0,384.73
412,2023-08-18 12:00:00,466.38,7984.42,8063.0,4727.0,100.0,1.0,3336.0,4727.0,382.36
413,2023-08-18 13:00:00,515.57,8888.43,8975.0,5157.0,100.0,1.0,3818.0,5157.0,384.55
414,2023-08-18 14:00:00,538.09,9212.09,9295.0,6372.0,93.0,1.0,2923.0,6372.0,384.39
415,2023-08-18 15:00:00,521.07,8983.21,9070.0,5922.0,100.0,1.0,3148.0,5922.0,387.06
416,2023-08-18 16:00:00,537.17,9196.37,9287.0,5164.0,100.0,1.0,4123.0,5164.0,389.27
417,2023-08-18 17:00:00,711.77,12270.86,12401.0,5778.0,93.0,1.0,6623.0,5778.0,402.25
418,2023-08-18 18:00:00,472.89,8095.8,8162.0,5754.0,100.0,1.0,2408.0,5754.0,415.63
419,2023-08-18 19:00:00,484.94,8360.32,8438.0,5594.0,100.0,1.0,2844.0,5594.0,427.54
420,2023-08-18 20:00:00,437.61,7491.89,7559.0,4702.0,100.0,1.0,2857.0,4702.0,419.41
421,2023-08-18 21:00:00,348.07,6000.72,6056.0,2929.0,93.0,1.0,3127.0,2929.0,408.05
422,2023-08-18 22:00:00,307.12,5257.96,5307.0,1905.0,100.0,1.0,3402.0,1905.0,400.17
423,2023-08-18 23:00:00,312.78,5392.32,5442.0,1899.0,100.0,1.0,3543.0,1899.0,398.22
424,2023-08-19 00:00:00,293.91,5031.66,5076.0,1971.0,100.0,1.0,3105.0,1971.0,403.5
425,2023-08-19 01:00:00,312.68,5390.67,5444.0,2142.0,100.0,1.0,3302.0,2142.0,409.2
426,2023-08-19 02:00:00,291.7,4993.93,5037.0,2139.0,100.0,1.0,2898.0,2139.0,415.63
427,2023-08-19 03:00:00,298.26,5142.02,5191.0,2049.0,100.0,1.0,3142.0,2049.0,415.72
428,2023-08-19 04:00:00,294.01,5033.43,5076.0,2083.0,100.0,1.0,2993.0,2083.0,404.41
429,2023-08-19 05:00:00,297.8,5134.04,5183.0,1881.0,100.0,1.0,3302.0,1881.0,398.5
430,2023-08-19 06:00:00,320.33,5484.08,5529.0,2120.0,100.0,1.0,3409.0,2120.0,395.22
431,2023-08-19 07:00:00,339.05,5845.28,5900.0,2388.0,93.0,1.0,3512.0,2388.0,401.71
432,2023-08-19 08:00:00,346.21,5927.05,5990.0,2660.0,100.0,1.0,3330.0,2660.0,390.63
433,2023-08-19 09:00:00,303.87,5238.69,5293.0,2184.0,100.0,1.0,3109.0,2184.0,379.58
434,2023-08-19 10:00:00,256.43,4390.1,4432.0,1526.0,100.0,1.0,2906.0,1526.0,374.29
435,2023-08-19 11:00:00,248.69,4287.48,4338.0,1289.0,100.0,1.0,3049.0,1289.0,368.84
436,2023-08-19 12:00:00,231.61,3965.13,4008.0,1123.0,100.0,1.0,2885.0,1123.0,365.5
437,2023-08-19 13:00:00,256.45,4421.12,4471.0,1152.0,100.0,1.0,3319.0,1152.0,362.58
438,2023-08-19 14:00:00,250.08,4281.39,4324.0,1123.0,100.0,1.0,3201.0,1123.0,357.86
439,2023-08-19 15:00:00,249.3,4297.95,4343.0,983.0,100.0,1.0,3360.0,983.0,358.54
440,2023-08-19 16:00:00,249.1,4264.59,4299.0,1199.0,100.0,1.0,3100.0,1199.0,358.13
441,2023-08-19 17:00:00,296.33,5108.78,5157.0,1708.0,100.0,1.0,3449.0,1708.0,371.09
442,2023-08-19 18:00:00,269.37,4611.56,4651.0,1695.0,93.0,1.0,2956.0,1695.0,379.18
443,2023-08-19 19:00:00,250.57,4319.85,4360.0,1420.0,100.0,1.0,2940.0,1420.0,390.19
444,2023-08-19 20:00:00,271.75,4652.41,4692.0,1841.0,100.0,1.0,2851.0,1841.0,398.75
445,2023-08-19 21:00:00,389.02,6706.69,6782.0,3467.0,100.0,1.0,3315.0,3467.0,407.94
446,2023-08-19 22:00:00,395.85,6777.01,6841.0,3443.0,100.0,1.0,3398.0,3443.0,412.17
447,2023-08-19 23:00:00,412.81,7116.8,7183.0,3426.0,100.0,1.0,3757.0,3426.0,423.23
448,2023-08-20 00:00:00,420.1,7192.17,7262.0,3608.0,100.0,1.0,3654.0,3608.0,428.95
449,2023-08-20 01:00:00,463.21,7985.66,8072.0,4560.0,93.0,1.0,3512.0,4560.0,442.34
450,2023-08-20 02:00:00,497.78,8522.02,8599.0,5627.0,100.0,1.0,2972.0,5627.0,450.07
451,2023-08-20 03:00:00,532.23,9175.68,9274.0,5690.0,100.0,1.0,3584.0,5690.0,440.0
452,2023-08-20 04:00:00,489.31,8376.97,8452.0,4501.0,100.0,1.0,3951.0,4501.0,424.35
453,2023-08-20 05:00:00,373.1,6432.27,6497.0,2741.0,93.0,1.0,3756.0,2741.0,415.43
454,2023-08-20 06:00:00,305.1,5223.26,5275.0,1912.0,100.0,1.0,3363.0,1912.0,401.72
455,2023-08-20 07:00:00,302.4,5213.37,5261.0,1887.0,100.0,1.0,3374.0,1887.0,395.35
456,2023-08-20 08:00:00,272.55,4666.1,4703.0,1915.0,100.0,1.0,2788.0,1915.0,388.27
457,2023-08-20 09:00:00,244.58,4216.59,4259.0,1291.0,100.0,1.0,2968.0,1291.0,380.34
458,2023-08-20 10:00:00,180.46,3089.48,3119.0,888.0,100.0,1.0,2231.0,888.0,373.65
459,2023-08-20 11:00:00,201.8,3479.11,3514.0,908.0,100.0,1.0,2606.0,908.0,370.15
460,2023-08-20 12:00:00,201.56,3450.64,3483.0,990.0,100.0,1.0,2493.0,990.0,368.31
461,2023-08-20 13:00:00,156.07,2690.66,2717.0,663.0,100.0,1.0,2054.0,663.0,367.21
462,2023-08-20 14:00:00,147.81,2530.45,2557.0,831.0,100.0,1.0,1726.0,831.0,371.26
463,2023-08-20 15:00:00,218.39,3764.97,3801.0,1054.0,100.0,1.0,2747.0,1054.0,373.35
464,2023-08-20 16:00:00,389.23,6663.65,6721.0,1764.0,100.0,1.0,4957.0,1764.0,375.18
465,2023-08-20 17:00:00,218.54,3767.67,3803.0,1181.0,100.0,1.0,2622.0,1181.0,377.43
466,2023-08-20 18:00:00,159.71,2734.28,2760.0,653.0,100.0,1.0,2107.0,653.0,375.09
467,2023-08-20 19:00:00,141.21,2434.39,2459.0,493.0,100.0,1.0,1966.0,493.0,372.25
468,2023-08-20 20:00:00,120.45,2062.03,2082.0,339.0,93.0,1.0,1743.0,339.0,366.45
469,2023-08-20 21:00:00,116.13,2002.01,2024.0,328.0,100.0,1.0,1696.0,328.0,367.45
470,2023-08-20 22:00:00,104.92,1796.25,1813.0,358.0,100.0,1.0,1455.0,358.0,364.4
471,2023-08-20 23:00:00,82.15,1416.29,1431.0,215.0,100.0,1.0,1216.0,215.0,363.45
472,2023-08-21 00:00:00,82.18,1407.0,1420.0,212.0,100.0,1.0,1208.0,212.0,363.89
473,2023-08-21 01:00:00,98.02,1689.79,1708.0,409.0,100.0,1.0,1299.0,409.0,364.48
474,2023-08-21 02:00:00,91.03,1558.47,1573.0,415.0,100.0,1.0,1158.0,415.0,363.36
475,2023-08-21 03:00:00,107.55,1854.09,1871.0,532.0,100.0,1.0,1339.0,532.0,365.06
476,2023-08-21 04:00:00,119.27,2041.87,2060.0,634.0,100.0,1.0,1426.0,634.0,362.41
477,2023-08-21 05:00:00,125.88,2170.13,2190.0,652.0,100.0,1.0,1538.0,652.0,360.12
478,2023-08-21 06:00:00,126.33,2162.72,2180.0,557.0,100.0,1.0,1623.0,557.0,355.97
479,2023-08-21 07:00:00,125.12,2157.13,2178.0,431.0,100.0,1.0,1747.0,431.0,356.82
480,2023-08-21 08:00:00,125.74,2152.66,2173.0,478.0,100.0,1.0,1695.0,478.0,356.77
481,2023-08-21 09:00:00,141.64,2441.79,2468.0,603.0,100.0,1.0,1865.0,603.0,354.44
482,2023-08-21 10:00:00,142.89,2446.29,2467.0,565.0,100.0,1.0,1902.0,565.0,352.06
483,2023-08-21 11:00:00,155.95,2688.57,2716.0,616.0,100.0,1.0,2100.0,616.0,353.62
484,2023-08-21 12:00:00,153.81,2633.3,2658.0,617.0,100.0,1.0,2041.0,617.0,353.62
485,2023-08-21 13:00:00,186.92,3222.49,3258.0,855.0,100.0,1.0,2403.0,855.0,354.69
486,2023-08-21 14:00:00,196.08,3356.9,3389.0,874.0,100.0,1.0,2515.0,874.0,353.21
487,2023-08-21 15:00:00,202.32,3487.98,3521.0,864.0,100.0,1.0,2657.0,864.0,355.34
488,2023-08-21 16:00:00,220.93,3782.31,3818.0,887.0,100.0,1.0,2931.0,887.0,356.38
489,2023-08-21 17:00:00,200.72,3460.33,3491.0,1254.0,100.0,1.0,2237.0,1254.0,370.73
490,2023-08-21 18:00:00,196.88,3370.57,3400.0,1380.0,100.0,1.0,2020.0,1380.0,377.1
491,2023-08-21 19:00:00,196.15,3381.58,3414.0,1159.0,100.0,1.0,2255.0,1159.0,383.63
492,2023-08-21 20:00:00,237.17,4060.36,4099.0,1581.0,100.0,1.0,2518.0,1581.0,389.68
493,2023-08-21 21:00:00,260.49,4490.86,4532.0,2250.0,93.0,1.0,2282.0,2250.0,392.27
494,2023-08-21 22:00:00,262.04,4486.21,4531.0,2436.0,100.0,1.0,2095.0,2436.0,393.13
495,2023-08-21 23:00:00,287.94,4964.03,5014.0,2751.0,100.0,1.0,2263.0,2751.0,398.37
496,2023-08-22 00:00:00,284.84,4876.46,4921.0,2633.0,100.0,1.0,2288.0,2633.0,395.05
497,2023-08-22 01:00:00,265.05,4569.5,4615.0,2057.0,100.0,1.0,2558.0,2057.0,401.96
498,2023-08-22 02:00:00,254.5,4357.04,4395.0,2024.0,100.0,1.0,2371.0,2024.0,403.83
499,2023-08-22 03:00:00,287.36,4954.1,5003.0,2129.0,100.0,1.0,2874.0,2129.0,403.08
500,2023-08-22 04:00:00,307.76,5268.79,5315.0,2492.0,100.0,1.0,2823.0,2492.0,390.48
501,2023-08-22 05:00:00,374.41,6454.88,6527.0,3221.0,93.0,1.0,3306.0,3221.0,382.02
502,2023-08-22 06:00:00,367.23,6287.02,6343.0,2882.0,100.0,1.0,3461.0,2882.0,374.74
503,2023-08-22 07:00:00,424.71,7322.05,7393.0,3340.0,100.0,1.0,4053.0,3340.0,374.91
504,2023-08-22 08:00:00,334.5,5726.61,5784.0,2414.0,100.0,1.0,3370.0,2414.0,363.72
505,2023-08-22 09:00:00,280.54,4836.5,4889.0,1644.0,100.0,1.0,3245.0,1644.0,364.72
506,2023-08-22 10:00:00,365.32,6254.26,6316.0,3006.0,100.0,1.0,3310.0,3006.0,367.53
507,2023-08-22 11:00:00,542.67,9355.68,9458.0,4839.0,100.0,1.0,4619.0,4839.0,378.67
508,2023-08-22 12:00:00,378.93,6487.22,6548.0,2800.0,93.0,1.0,3748.0,2800.0,370.83
509,2023-08-22 13:00:00,360.05,6207.3,6271.0,2615.0,100.0,1.0,3656.0,2615.0,370.54
510,2023-08-22 14:00:00,329.64,5643.39,5695.0,2482.0,100.0,1.0,3213.0,2482.0,360.78
511,2023-08-22 15:00:00,286.57,4940.47,4989.0,1521.0,100.0,1.0,3468.0,1521.0,362.77
512,2023-08-22 16:00:00,293.8,5029.94,5078.0,2046.0,100.0,1.0,3032.0,2046.0,363.44
513,2023-08-22 17:00:00,323.41,5575.6,5630.0,2426.0,100.0,1.0,3204.0,2426.0,370.87
514,2023-08-22 18:00:00,330.13,5651.91,5700.0,2652.0,100.0,1.0,3048.0,2652.0,366.9
515,2023-08-22 19:00:00,339.77,5857.58,5916.0,2506.0,100.0,1.0,3410.0,2506.0,371.78
516,2023-08-22 20:00:00,340.24,5824.85,5881.0,2504.0,93.0,1.0,3377.0,2504.0,367.46
517,2023-08-22 21:00:00,388.97,6705.86,6778.0,2704.0,100.0,1.0,4074.0,2704.0,372.41
518,2023-08-22 22:00:00,379.73,6501.04,6565.0,3074.0,100.0,1.0,3491.0,3074.0,368.19
519,2023-08-22 23:00:00,349.44,6024.4,6083.0,2695.0,100.0,1.0,3388.0,2695.0,374.75
520,2023-08-23 00:00:00,288.87,4945.39,4991.0,2187.0,100.0,1.0,2804.0,2187.0,375.17
521,2023-08-23 01:00:00,315.2,5434.07,5487.0,2442.0,100.0,1.0,3045.0,2442.0,387.43
522,2023-08-23 02:00:00,268.9,4603.56,4642.0,2014.0,100.0,1.0,2628.0,2014.0,382.97
523,2023-08-23 03:00:00,329.24,5676.09,5729.0,2786.0,100.0,1.0,2943.0,2786.0,386.41
524,2023-08-23 04:00:00,250.2,4283.37,4328.0,1891.0,93.0,1.0,2437.0,1891.0,378.29
525,2023-08-23 05:00:00,261.54,4508.99,4554.0,1999.0,100.0,1.0,2555.0,1999.0,382.1
526,2023-08-23 06:00:00,253.53,4340.48,4387.0,1892.0,100.0,1.0,2495.0,1892.0,371.48
527,2023-08-23 07:00:00,220.47,3800.85,3836.0,1449.0,100.0,1.0,2387.0,1449.0,372.28
528,2023-08-23 08:00:00,252.07,4315.47,4351.0,2067.0,100.0,1.0,2284.0,2067.0,379.87
529,2023-08-23 09:00:00,224.4,3868.64,3907.0,1427.0,100.0,1.0,2480.0,1427.0,387.38
530,2023-08-23 10:00:00,190.39,3259.56,3289.0,1056.0,100.0,1.0,2233.0,1056.0,382.19
531,2023-08-23 11:00:00,165.04,2845.24,2874.0,839.0,100.0,1.0,2035.0,839.0,376.95
532,2023-08-23 12:00:00,163.19,2793.78,2820.0,877.0,100.0,1.0,1943.0,877.0,370.57
533,2023-08-23 13:00:00,172.6,2975.68,3006.0,964.0,100.0,1.0,2042.0,964.0,367.78
534,2023-08-23 14:00:00,163.89,2805.79,2834.0,993.0,100.0,1.0,1841.0,993.0,363.84
535,2023-08-23 15:00:00,180.43,3110.6,3143.0,1035.0,100.0,1.0,2108.0,1035.0,363.57
536,2023-08-23 16:00:00,166.37,2848.28,2875.0,812.0,100.0,1.0,2063.0,812.0,363.53
537,2023-08-23 17:00:00,169.71,2925.77,2955.0,970.0,100.0,1.0,1985.0,970.0,370.43
538,2023-08-23 18:00:00,200.14,3426.45,3459.0,1373.0,100.0,1.0,2086.0,1373.0,372.94
539,2023-08-23 19:00:00,239.14,4122.73,4161.0,1817.0,100.0,1.0,2344.0,1817.0,375.98
540,2023-08-23 20:00:00,233.41,3996.05,4032.0,1731.0,93.0,1.0,2301.0,1731.0,374.25
541,2023-08-23 21:00:00,208.05,3586.83,3623.0,1420.0,100.0,1.0,2203.0,1420.0,375.39
542,2023-08-23 22:00:00,188.82,3232.56,3262.0,1198.0,100.0,1.0,2064.0,1198.0,374.56
543,2023-08-23 23:00:00,197.7,3408.41,3443.0,1121.0,100.0,1.0,2322.0,1121.0,377.58
544,2023-08-24 00:00:00,184.16,3152.77,3181.0,997.0,100.0,1.0,2184.0,997.0,376.77
545,2023-08-24 01:00:00,182.17,3140.69,3173.0,889.0,100.0,1.0,2284.0,889.0,377.3
546,2023-08-24 02:00:00,178.41,3054.39,3084.0,866.0,100.0,1.0,2218.0,866.0,375.59
547,2023-08-24 03:00:00,180.61,3113.7,3145.0,842.0,100.0,1.0,2303.0,842.0,378.42
548,2023-08-24 04:00:00,167.87,2873.92,2898.0,1098.0,100.0,1.0,1800.0,1098.0,377.18
549,2023-08-24 05:00:00,178.54,3077.99,3108.0,1142.0,100.0,1.0,1966.0,1142.0,378.64
550,2023-08-24 06:00:00,164.58,2817.56,2844.0,1002.0,100.0,1.0,1842.0,1002.0,376.73
551,2023-08-24 07:00:00,211.2,3641.06,3680.0,1426.0,100.0,1.0,2254.0,1426.0,377.08
552,2023-08-24 08:00:00,192.77,3300.27,3328.0,1629.0,100.0,1.0,1699.0,1629.0,373.91
553,2023-08-24 09:00:00,220.21,3796.35,3833.0,1598.0,100.0,1.0,2235.0,1598.0,373.03
554,2023-08-24 10:00:00,221.72,3795.88,3828.0,1649.0,100.0,1.0,2179.0,1649.0,369.51
555,2023-08-24 11:00:00,218.7,3770.45,3808.0,1538.0,100.0,1.0,2270.0,1538.0,368.47
556,2023-08-24 12:00:00,209.09,3579.69,3613.0,1493.0,93.0,1.0,2120.0,1493.0,363.94
557,2023-08-24 13:00:00,201.82,3479.3,3513.0,1231.0,100.0,1.0,2282.0,1231.0,361.55
558,2023-08-24 14:00:00,163.22,2794.4,2822.0,865.0,100.0,1.0,1957.0,865.0,356.52
559,2023-08-24 15:00:00,218.53,3767.37,3803.0,1309.0,100.0,1.0,2494.0,1309.0,358.16
560,2023-08-24 16:00:00,198.84,3404.22,3435.0,1369.0,100.0,1.0,2066.0,1369.0,358.82
561,2023-08-24 17:00:00,201.82,3479.43,3512.0,1317.0,100.0,1.0,2195.0,1317.0,362.14
562,2023-08-24 18:00:00,179.47,3072.57,3099.0,1014.0,100.0,1.0,2085.0,1014.0,363.02
563,2023-08-24 19:00:00,169.27,2918.24,2947.0,786.0,100.0,1.0,2161.0,786.0,367.36
564,2023-08-24 20:00:00,366.08,6267.28,6325.0,966.0,100.0,1.0,5359.0,966.0,370.16
565,2023-08-24 21:00:00,258.46,4455.83,4498.0,941.0,100.0,1.0,3557.0,941.0,373.37
566,2023-08-24 22:00:00,223.24,3821.94,3857.0,1817.0,100.0,1.0,2040.0,1817.0,376.82
567,2023-08-24 23:00:00,301.85,5203.84,5256.0,2721.0,100.0,1.0,2535.0,2721.0,384.43
568,2023-08-25 00:00:00,302.06,5171.29,5220.0,3024.0,100.0,1.0,2196.0,3024.0,389.5
569,2023-08-25 01:00:00,351.5,6059.89,6117.0,3674.0,93.0,1.0,2443.0,3674.0,397.54
570,2023-08-25 02:00:00,355.94,6093.7,6147.0,4147.0,100.0,1.0,2000.0,4147.0,407.16
571,2023-08-25 03:00:00,358.27,6176.62,6237.0,3841.0,100.0,1.0,2396.0,3841.0,410.12
572,2023-08-25 04:00:00,360.86,6177.95,6229.0,3957.0,100.0,1.0,2272.0,3957.0,401.01
573,2023-08-25 05:00:00,377.59,6509.63,6573.0,3850.0,100.0,1.0,2723.0,3850.0,394.97
574,2023-08-25 06:00:00,328.38,5621.93,5665.0,3132.0,93.0,1.0,2533.0,3132.0,382.29
575,2023-08-25 07:00:00,314.7,5425.51,5481.0,1458.0,100.0,1.0,4023.0,1458.0,377.01
576,2023-08-25 08:00:00,199.22,3410.67,3442.0,1129.0,100.0,1.0,2313.0,1129.0,369.3
577,2023-08-25 09:00:00,268.44,4627.97,4672.0,1765.0,100.0,1.0,2907.0,1765.0,369.45
578,2023-08-25 10:00:00,201.5,3449.61,3486.0,1100.0,100.0,1.0,2386.0,1100.0,359.95
579,2023-08-25 11:00:00,229.8,3961.75,4005.0,1091.0,100.0,1.0,2914.0,1091.0,361.23
580,2023-08-25 12:00:00,206.18,3529.77,3564.0,1203.0,100.0,1.0,2361.0,1203.0,355.46
581,2023-08-25 13:00:00,242.33,4177.69,4225.0,1141.0,100.0,1.0,3084.0,1141.0,356.88
582,2023-08-25 14:00:00,206.57,3536.56,3570.0,1133.0,100.0,1.0,2437.0,1133.0,350.86
583,2023-08-25 15:00:00,228.3,3935.97,3980.0,987.0,100.0,1.0,2993.0,987.0,354.31
584,2023-08-25 16:00:00,202.94,3474.29,3507.0,987.0,100.0,1.0,2520.0,987.0,355.75
585,2023-08-25 17:00:00,220.62,3803.43,3844.0,1324.0,100.0,1.0,2520.0,1324.0,365.28
586,2023-08-25 18:00:00,223.99,3834.64,3869.0,1606.0,100.0,1.0,2263.0,1606.0,371.35
587,2023-08-25 19:00:00,279.69,4821.8,4866.0,1945.0,100.0,1.0,2921.0,1945.0,385.27
588,2023-08-25 20:00:00,362.57,6207.25,6261.0,4140.0,97.0,1.0,2121.0,4140.0,384.96
589,2023-08-25 21:00:00,390.38,6730.21,6797.0,4017.0,98.0,1.0,2780.0,4017.0,398.91
590,2023-08-25 22:00:00,474.81,8128.82,8196.0,5707.0,100.0,1.0,2489.0,5707.0,404.35
591,2023-08-25 23:00:00,565.47,9748.69,9842.0,6996.0,100.0,1.0,2846.0,6996.0,425.61
592,2023-08-26 00:00:00,663.96,11367.07,11464.0,9041.0,93.0,1.0,2423.0,9041.0,431.12
593,2023-08-26 01:00:00,732.43,12627.17,12746.0,9356.0,100.0,1.0,3390.0,9356.0,440.4
594,2023-08-26 02:00:00,759.76,13007.02,13136.0,10432.0,93.0,1.0,2704.0,10432.0,436.2
595,2023-08-26 03:00:00,725.45,12506.7,12618.0,9334.0,100.0,1.0,3284.0,9334.0,433.1
596,2023-08-26 04:00:00,501.66,8588.43,8674.0,5686.0,100.0,1.0,2988.0,5686.0,410.29
597,2023-08-26 05:00:00,391.87,6755.86,6825.0,3310.0,100.0,1.0,3515.0,3310.0,394.67
598,2023-08-26 06:00:00,311.2,5327.72,5381.0,2541.0,93.0,1.0,2840.0,2541.0,373.23
599,2023-08-26 07:00:00,258.32,4453.36,4496.0,1670.0,100.0,1.0,2826.0,1670.0,365.01
600,2023-08-26 08:00:00,254.68,4360.13,4399.0,1543.0,100.0,1.0,2856.0,1543.0,359.92
601,2023-08-26 09:00:00,273.93,4722.62,4775.0,1525.0,100.0,1.0,3250.0,1525.0,358.36
602,2023-08-26 10:00:00,237.62,4067.97,4106.0,1475.0,100.0,1.0,2631.0,1475.0,354.95
603,2023-08-26 11:00:00,239.0,4120.36,4161.0,1455.0,100.0,1.0,2706.0,1455.0,355.68
604,2023-08-26 12:00:00,222.29,3805.59,3837.0,1477.0,100.0,1.0,2360.0,1477.0,354.51
605,2023-08-26 13:00:00,274.83,4738.05,4782.0,1778.0,100.0,1.0,3004.0,1778.0,357.5
606,2023-08-26 14:00:00,262.88,4500.44,4541.0,1712.0,100.0,1.0,2829.0,1712.0,357.21
607,2023-08-26 15:00:00,315.0,5430.57,5486.0,2201.0,100.0,1.0,3285.0,2201.0,360.72
608,2023-08-26 16:00:00,384.49,6582.42,6645.0,3401.0,93.0,1.0,3244.0,3401.0,363.39
609,2023-08-26 17:00:00,347.87,5997.31,6059.0,2998.0,100.0,1.0,3061.0,2998.0,365.78
610,2023-08-26 18:00:00,317.65,5438.19,5487.0,2802.0,100.0,1.0,2685.0,2802.0,367.86
611,2023-08-26 19:00:00,352.75,6081.46,6138.0,2936.0,100.0,1.0,3202.0,2936.0,372.86
612,2023-08-26 20:00:00,385.27,6595.84,6657.0,3559.0,100.0,1.0,3098.0,3559.0,374.01
613,2023-08-26 21:00:00,430.94,7429.35,7509.0,3837.0,100.0,1.0,3672.0,3837.0,375.42
614,2023-08-26 22:00:00,373.15,6388.36,6444.0,3188.0,93.0,1.0,3256.0,3188.0,375.75
615,2023-08-26 22:00:00,373.15,6388.36,6444.0,3188.0,93.0,1.0,3256.0,3188.0,375.75
616,2023-08-26 23:00:00,342.95,5912.49,5970.0,2695.0,100.0,1.0,3275.0,2695.0,378.67
617,2023-08-27 00:00:00,291.02,4982.3,5023.0,1903.0,100.0,1.0,3120.0,1903.0,377.92
618,2023-08-27 01:00:00,287.01,4947.97,4997.0,1592.0,100.0,1.0,3405.0,1592.0,381.12
619,2023-08-27 02:00:00,266.95,4570.17,4611.0,1813.0,100.0,1.0,2798.0,1813.0,381.88
620,2023-08-27 03:00:00,244.78,4220.06,4259.0,1454.0,100.0,1.0,2805.0,1454.0,383.49
621,2023-08-27 04:00:00,202.53,3467.31,3498.0,1134.0,100.0,1.0,2364.0,1134.0,380.47
622,2023-08-27 05:00:00,214.48,3697.62,3732.0,1023.0,100.0,1.0,2709.0,1023.0,381.39
623,2023-08-27 06:00:00,192.0,3287.07,3316.0,994.0,100.0,1.0,2322.0,994.0,379.27
624,2023-08-27 07:00:00,228.31,3936.04,3977.0,1116.0,100.0,1.0,2861.0,1116.0,378.58
625,2023-08-27 08:00:00,367.95,6299.36,6350.0,974.0,100.0,1.0,5376.0,974.0,372.33
626,2023-08-27 09:00:00,211.45,3645.39,3678.0,1064.0,100.0,1.0,2614.0,1064.0,373.41
627,2023-08-27 10:00:00,192.84,3301.37,3332.0,923.0,100.0,1.0,2409.0,923.0,367.09
628,2023-08-27 11:00:00,179.11,3087.79,3121.0,681.0,100.0,1.0,2440.0,681.0,365.31
629,2023-08-27 12:00:00,198.79,3403.27,3436.0,878.0,98.0,1.0,2558.0,878.0,363.9
630,2023-08-27 13:00:00,244.81,4220.52,4264.0,1079.0,97.0,1.0,3185.0,1079.0,362.76
631,2023-08-27 14:00:00,236.55,4049.82,4090.0,1068.0,100.0,1.0,3022.0,1068.0,361.18
632,2023-08-27 15:00:00,254.73,4391.51,4438.0,1239.0,100.0,1.0,3199.0,1239.0,362.61
633,2023-08-27 16:00:00,243.61,4170.53,4210.0,1153.0,100.0,1.0,3057.0,1153.0,362.66
634,2023-08-27 17:00:00,270.41,4661.86,4712.0,1480.0,100.0,1.0,3232.0,1480.0,370.94
635,2023-08-27 18:00:00,292.14,5001.42,5046.0,1824.0,100.0,1.0,3222.0,1824.0,378.01
636,2023-08-27 19:00:00,330.19,5692.49,5752.0,2005.0,100.0,1.0,3747.0,2005.0,393.3
637,2023-08-27 20:00:00,331.52,5675.64,5726.0,2202.0,100.0,1.0,3524.0,2202.0,396.02
638,2023-08-27 21:00:00,365.84,6307.07,6370.0,2604.0,100.0,1.0,3766.0,2604.0,403.53
639,2023-08-27 22:00:00,346.93,5939.4,5989.0,2701.0,100.0,1.0,3288.0,2701.0,406.6
640,2023-08-27 23:00:00,364.58,6285.36,6348.0,3284.0,93.0,1.0,3064.0,3284.0,412.56
641,2023-08-28 00:00:00,359.33,6151.79,6213.0,3274.0,100.0,1.0,2939.0,3274.0,412.45
642,2023-08-28 01:00:00,334.37,5764.61,5826.0,2804.0,100.0,1.0,3022.0,2804.0,407.41
643,2023-08-28 02:00:00,290.8,4978.57,5019.0,2442.0,100.0,1.0,2577.0,2442.0,403.57
644,2023-08-28 03:00:00,370.91,6394.4,6461.0,3288.0,100.0,1.0,3173.0,3288.0,405.6
645,2023-08-28 04:00:00,343.08,5873.46,5923.0,2893.0,100.0,1.0,3030.0,2893.0,392.63
646,2023-08-28 05:00:00,355.22,6123.95,6187.0,2891.0,93.0,1.0,3296.0,2891.0,385.92
647,2023-08-28 06:00:00,304.43,5211.93,5255.0,2518.0,100.0,1.0,2737.0,2518.0,375.64
648,2023-08-28 07:00:00,222.04,3828.06,3863.0,1018.0,100.0,1.0,2845.0,1018.0,375.48
649,2023-08-28 08:00:00,232.73,3984.26,4026.0,1329.0,100.0,1.0,2697.0,1329.0,366.91
650,2023-08-28 09:00:00,230.06,3966.29,4010.0,872.0,100.0,1.0,3138.0,872.0,364.55
651,2023-08-28 10:00:00,199.84,3421.19,3458.0,800.0,100.0,1.0,2658.0,800.0,358.11
652,2023-08-28 11:00:00,237.9,4101.47,4147.0,803.0,100.0,1.0,3344.0,803.0,360.14
653,2023-08-28 12:00:00,207.72,3556.23,3592.0,825.0,100.0,1.0,2767.0,825.0,354.89
654,2023-08-28 13:00:00,255.56,4405.85,4454.0,950.0,100.0,1.0,3504.0,950.0,358.15
655,2023-08-28 14:00:00,242.07,4144.28,4185.0,1036.0,100.0,1.0,3149.0,1036.0,354.6
656,2023-08-28 15:00:00,279.69,4821.8,4867.0,1123.0,100.0,1.0,3744.0,1123.0,358.83
657,2023-08-28 16:00:00,255.14,4367.94,4407.0,1384.0,100.0,1.0,3023.0,1384.0,358.05
658,2023-08-28 17:00:00,290.06,5000.55,5044.0,1637.0,100.0,1.0,3407.0,1637.0,365.83
659,2023-08-28 18:00:00,237.98,4074.18,4112.0,1273.0,100.0,1.0,2839.0,1273.0,363.24
660,2023-08-28 19:00:00,363.23,6262.11,6320.0,1607.0,100.0,1.0,4713.0,1607.0,367.77
661,2023-08-28 20:00:00,262.45,4493.18,4531.0,1364.0,100.0,1.0,3167.0,1364.0,364.78
662,2023-08-28 21:00:00,277.32,4781.01,4826.0,1427.0,95.0,1.0,3399.0,1427.0,369.02
663,2023-08-28 22:00:00,248.35,4251.83,4292.0,1234.0,100.0,1.0,3058.0,1234.0,365.57
664,2023-08-28 23:00:00,253.97,4378.43,4422.0,1143.0,100.0,1.0,3279.0,1143.0,368.02
665,2023-08-29 00:00:00,207.59,3553.89,3587.0,751.0,100.0,1.0,2836.0,751.0,363.89
666,2023-08-29 01:00:00,218.95,3774.68,3810.0,877.0,100.0,1.0,2933.0,877.0,369.71
667,2023-08-29 02:00:00,182.39,3122.55,3148.0,581.0,100.0,1.0,2567.0,581.0,366.63
668,2023-08-29 03:00:00,216.35,3729.92,3765.0,865.0,100.0,1.0,2900.0,865.0,372.7
669,2023-08-29 04:00:00,219.58,3759.22,3793.0,1170.0,100.0,1.0,2623.0,1170.0,367.82
670,2023-08-29 05:00:00,244.43,4213.95,4254.0,1145.0,100.0,1.0,3109.0,1145.0,371.37
671,2023-08-29 06:00:00,236.94,4056.48,4100.0,1462.0,100.0,1.0,2638.0,1462.0,368.03
672,2023-08-29 07:00:00,247.16,4261.08,4302.0,1393.0,100.0,1.0,2909.0,1393.0,369.55
673,2023-08-29 08:00:00,217.85,3729.56,3765.0,1255.0,100.0,1.0,2510.0,1255.0,365.98
674,2023-08-29 09:00:00,285.15,4916.06,4962.0,2049.0,100.0,1.0,2913.0,2049.0,367.92
675,2023-08-29 10:00:00,314.64,5386.7,5435.0,2490.0,100.0,1.0,2945.0,2490.0,364.72
676,2023-08-29 11:00:00,302.77,5219.72,5269.0,1981.0,93.0,1.0,3288.0,1981.0,364.94
677,2023-08-29 12:00:00,269.64,4616.28,4656.0,1687.0,100.0,1.0,2969.0,1687.0,360.46
678,2023-08-29 13:00:00,312.26,5383.43,5436.0,1792.0,100.0,1.0,3644.0,1792.0,360.18
679,2023-08-29 14:00:00,287.06,4914.41,4960.0,2027.0,100.0,1.0,2933.0,2027.0,359.15
680,2023-08-29 15:00:00,303.86,5238.56,5291.0,2264.0,100.0,1.0,3027.0,2264.0,363.06
681,2023-08-29 16:00:00,353.37,6049.66,6104.0,3201.0,100.0,1.0,2903.0,3201.0,366.58
682,2023-08-29 17:00:00,383.61,6613.49,6674.0,3434.0,100.0,1.0,3240.0,3434.0,368.63
683,2023-08-29 18:00:00,310.39,5313.87,5359.0,2375.0,100.0,1.0,2984.0,2375.0,367.92
684,2023-08-29 19:00:00,352.39,6075.22,6136.0,2780.0,93.0,1.0,3356.0,2780.0,371.81
685,2023-08-29 20:00:00,313.68,5370.14,5423.0,2548.0,100.0,1.0,2875.0,2548.0,373.35
686,2023-08-29 21:00:00,318.62,5492.98,5548.0,2637.0,100.0,1.0,2911.0,2637.0,378.08
687,2023-08-29 22:00:00,335.59,5745.31,5795.0,2934.0,100.0,1.0,2861.0,2934.0,380.4
688,2023-08-29 23:00:00,370.1,6380.46,6443.0,3430.0,100.0,1.0,3013.0,3430.0,384.68
689,2023-08-30 00:00:00,306.19,5241.89,5291.0,2618.0,100.0,1.0,2673.0,2618.0,383.38
690,2023-08-30 01:00:00,277.91,4791.14,4837.0,2098.0,100.0,1.0,2739.0,2098.0,385.2
691,2023-08-30 02:00:00,202.76,3471.32,3503.0,1394.0,100.0,1.0,2109.0,1394.0,382.49
692,2023-08-30 03:00:00,170.54,2940.18,2971.0,955.0,100.0,1.0,2016.0,955.0,380.86
693,2023-08-30 04:00:00,193.97,3320.77,3351.0,1430.0,93.0,1.0,1921.0,1430.0,382.43
694,2023-08-30 05:00:00,197.77,3409.58,3445.0,1270.0,100.0,1.0,2175.0,1270.0,380.71
695,2023-08-30 06:00:00,173.49,2970.23,3000.0,1140.0,100.0,1.0,1860.0,1140.0,376.95
696,2023-08-30 07:00:00,190.01,3275.85,3307.0,1033.0,100.0,1.0,2274.0,1033.0,375.36
697,2023-08-30 08:00:00,174.42,2986.09,3012.0,1117.0,100.0,1.0,1895.0,1117.0,373.68
698,2023-08-30 09:00:00,216.23,3727.88,3757.0,1570.0,100.0,1.0,2187.0,1570.0,377.69
699,2023-08-30 10:00:00,239.51,4100.36,4135.0,1785.0,100.0,1.0,2350.0,1785.0,376.34
700,2023-08-30 11:00:00,262.09,4518.38,4566.0,1893.0,100.0,1.0,2673.0,1893.0,379.65
701,2023-08-30 12:00:00,266.64,4564.94,4604.0,2110.0,100.0,1.0,2494.0,2110.0,380.2
702,2023-08-30 13:00:00,256.35,4419.42,4469.0,1644.0,100.0,1.0,2825.0,1644.0,380.14
703,2023-08-30 14:00:00,257.96,4416.29,4462.0,1879.0,100.0,1.0,2583.0,1879.0,376.36
704,2023-08-30 15:00:00,302.12,5208.63,5264.0,2258.0,100.0,1.0,3006.0,2258.0,374.89
705,2023-08-30 16:00:00,300.37,5142.38,5191.0,2328.0,100.0,1.0,2863.0,2328.0,376.92
706,2023-08-30 17:00:00,314.76,5426.49,5478.0,2254.0,93.0,1.0,3224.0,2254.0,381.63
707,2023-08-30 18:00:00,309.56,5299.72,5352.0,2390.0,100.0,1.0,2962.0,2390.0,382.16
708,2023-08-30 19:00:00,350.78,6047.4,6110.0,2632.0,100.0,1.0,3478.0,2632.0,383.9
709,2023-08-30 20:00:00,308.15,5275.53,5323.0,2028.0,100.0,1.0,3295.0,2028.0,382.15
710,2023-08-30 21:00:00,316.35,5453.81,5508.0,2097.0,100.0,1.0,3411.0,2097.0,386.71
711,2023-08-30 22:00:00,301.8,5166.77,5213.0,2272.0,100.0,1.0,2941.0,2272.0,387.58
712,2023-08-30 23:00:00,319.57,5509.41,5567.0,2250.0,100.0,1.0,3317.0,2250.0,386.68
713,2023-08-31 00:00:00,280.49,4801.91,4845.0,1978.0,100.0,1.0,2867.0,1978.0,384.05
714,2023-08-31 01:00:00,324.63,5596.56,5656.0,2195.0,93.0,1.0,3461.0,2195.0,386.67
715,2023-08-31 02:00:00,302.06,5171.32,5218.0,1995.0,100.0,1.0,3223.0,1995.0,390.52
716,2023-08-31 03:00:00,374.5,6456.32,6516.0,2922.0,100.0,1.0,3594.0,2922.0,394.51
717,2023-08-31 04:00:00,339.8,5817.33,5870.0,2453.0,100.0,1.0,3417.0,2453.0,390.33
718,2023-08-31 05:00:00,335.89,5790.75,5844.0,2505.0,100.0,1.0,3339.0,2505.0,388.82
719,2023-08-31 06:00:00,355.13,6079.78,6132.0,2971.0,100.0,1.0,3161.0,2971.0,380.9
720,2023-08-31 07:00:00,341.84,5893.39,5951.0,2464.0,100.0,1.0,3487.0,2464.0,381.54
721,2023-08-31 08:00:00,306.86,5253.45,5311.0,1985.0,100.0,1.0,3326.0,1985.0,375.25
722,2023-08-31 09:00:00,309.84,5341.59,5401.0,1808.0,100.0,1.0,3593.0,1808.0,372.28
723,2023-08-31 10:00:00,278.56,4768.86,4823.0,1456.0,93.0,1.0,3367.0,1456.0,367.33
724,2023-08-31 11:00:00,309.21,5330.78,5391.0,1377.0,100.0,1.0,4014.0,1377.0,368.47
725,2023-08-31 12:00:00,291.62,4992.46,5045.0,1367.0,100.0,1.0,3678.0,1367.0,364.58
726,2023-08-31 13:00:00,304.09,5242.43,5300.0,1377.0,100.0,1.0,3923.0,1377.0,361.06
727,2023-08-31 14:00:00,277.36,4748.43,4791.0,1416.0,100.0,1.0,3375.0,1416.0,355.33
728,2023-08-31 15:00:00,293.45,5059.16,5108.0,1404.0,100.0,1.0,3704.0,1404.0,356.65
729,2023-08-31 16:00:00,275.14,4710.42,4752.0,1646.0,100.0,1.0,3106.0,1646.0,359.31
730,2023-08-31 17:00:00,329.5,5680.65,5737.0,1996.0,100.0,1.0,3741.0,1996.0,366.17
731,2023-08-31 18:00:00,339.85,5818.22,5867.0,2182.0,100.0,1.0,3685.0,2182.0,365.44
732,2023-08-31 19:00:00,362.14,6243.31,6307.0,2286.0,100.0,1.0,4021.0,2286.0,371.88
